City_ID,City,Lat,Lng,Max Temp,Humidity,Cloudiness,Wind Speed,Country,Date
0,Kodiak,57.79,-152.41,75.2,38,1,12.75,US,2020-08-21 01:10:38
1,Port Alfred,-33.59,26.89,58.39,78,100,10.65,ZA,2020-08-21 01:15:35
2,Ulcinj,41.93,19.22,71.6,53,0,9.17,ME,2020-08-21 01:15:35
3,Ahipara,-35.17,173.17,60.42,74,0,15.73,NZ,2020-08-21 01:15:35
4,Bredasdorp,-34.53,20.04,46.4,93,48,4.7,ZA,2020-08-21 01:14:24
5,Hilo,19.73,-155.09,82.4,65,90,8.05,US,2020-08-21 01:13:56
6,Hermanus,-34.42,19.23,46.99,95,4,1.01,ZA,2020-08-21 01:14:01
7,Barrow,71.29,-156.79,46.4,87,90,8.05,US,2020-08-21 01:14:01
8,Kaitangata,-46.28,169.85,50.0,90,100,1.99,NZ,2020-08-21 01:14:34
9,Sigli,5.38,95.96,80.37,79,100,4.47,ID,2020-08-21 01:15:36
10,Bilma,18.69,12.92,91.99,18,0,7.31,NE,2020-08-21 01:15:37
11,Cidreira,-30.18,-50.21,46.69,62,0,14.16,BR,2020-08-21 01:15:37
12,Laguna,38.42,-121.42,91.4,30,90,11.63,US,2020-08-21 01:15:37
13,Bengkulu,-3.8,102.27,79.83,74,75,3.47,ID,2020-08-21 01:12:36
14,Lebu,-37.62,-73.65,49.93,85,0,18.07,CL,2020-08-21 01:15:38
15,Broken Hill,-31.95,141.43,53.6,66,22,19.46,AU,2020-08-21 01:12:05
16,Conde,-7.26,-34.91,75.2,94,75,9.17,BR,2020-08-21 01:15:38
17,Fort Nelson,58.81,-122.7,60.8,77,90,5.64,CA,2020-08-21 01:15:39
18,Rikitea,-23.12,-134.97,66.76,80,100,26.35,PF,2020-08-21 01:14:01
19,Cape Town,-33.93,18.42,57.0,100,0,6.93,ZA,2020-08-21 01:14:23
20,Ushuaia,-54.8,-68.3,42.8,75,40,13.87,AR,2020-08-21 01:09:53
21,Katsuura,35.13,140.3,93.0,70,20,10.29,JP,2020-08-21 01:15:39
22,Cherskiy,68.75,161.3,45.36,58,100,13.94,RU,2020-08-21 01:14:26
23,Kapaa,22.08,-159.32,84.2,66,75,16.11,US,2020-08-21 01:12:26
24,Saint George,37.1,-113.58,106.0,10,1,12.75,US,2020-08-21 01:13:53
25,Asfi,32.3,-9.24,70.0,71,0,11.43,MA,2020-08-21 01:14:18
26,Mangrol,21.12,70.12,80.78,87,100,8.84,IN,2020-08-21 01:15:40
27,Hithadhoo,-0.6,73.08,82.71,76,27,9.66,MV,2020-08-21 01:14:17
28,Mataura,-46.19,168.86,50.0,98,100,1.99,NZ,2020-08-21 01:14:06
29,Butaritari,3.07,172.79,83.03,73,77,12.77,KI,2020-08-21 01:14:20
30,Hirado,33.36,129.55,91.0,79,20,6.93,JP,2020-08-21 01:15:41
31,Avera,33.19,-82.53,77.0,61,1,5.82,US,2020-08-21 01:15:41
32,Puerto Ayora,-0.74,-90.35,66.0,88,65,10.0,EC,2020-08-21 01:14:21
33,Albany,42.6,-73.97,71.01,59,0,2.68,US,2020-08-21 01:14:12
34,Kencong,-8.28,113.37,76.26,69,0,1.97,ID,2020-08-21 01:15:42
35,Rio Gallegos,-51.62,-69.22,46.4,65,100,19.46,AR,2020-08-21 01:15:42
36,Pevek,69.7,170.31,37.58,86,100,10.76,RU,2020-08-21 01:14:03
37,Bonavista,48.65,-53.11,62.01,78,0,11.99,CA,2020-08-21 01:15:43
38,New Norfolk,-42.78,147.06,48.99,79,11,1.01,AU,2020-08-21 01:14:13
39,Severo-Kurilsk,50.68,156.12,56.16,67,50,21.56,RU,2020-08-21 01:14:17
40,Bluff,-46.6,168.33,50.0,98,99,1.99,NZ,2020-08-21 01:14:19
41,La Ronge,55.1,-105.28,77.0,36,75,3.36,CA,2020-08-21 01:15:43
42,Richards Bay,-28.78,32.04,57.78,88,4,5.37,ZA,2020-08-21 01:15:44
43,Phalodi,27.13,72.37,86.0,67,100,4.79,IN,2020-08-21 01:14:30
44,Tiksi,71.69,128.87,39.87,86,100,6.98,RU,2020-08-21 01:14:22
45,Teahupoo,-17.83,-149.27,82.4,69,75,5.82,PF,2020-08-21 01:15:44
46,Iqaluit,63.75,-68.51,46.4,87,75,2.68,CA,2020-08-21 01:14:26
47,Ambon,-3.7,128.18,82.4,78,40,1.12,ID,2020-08-21 01:15:45
48,Amapa,1.0,-52.0,74.71,75,2,2.8,BR,2020-08-21 01:15:45
49,Atuona,-9.8,-139.03,78.67,77,77,19.77,PF,2020-08-21 01:14:35
50,General Pico,-35.66,-63.76,43.38,52,0,6.51,AR,2020-08-21 01:13:04
51,Ilulissat,69.22,-51.1,42.8,70,23,3.58,GL,2020-08-21 01:14:28
52,Iskateley,67.68,53.15,46.81,97,24,9.08,RU,2020-08-21 01:14:52
53,Bowen,-20.02,148.23,82.0,20,0,8.05,AU,2020-08-21 01:15:47
54,Cairns,-16.92,145.77,82.99,44,0,3.36,AU,2020-08-21 01:11:08
55,East London,-33.02,27.91,60.55,71,100,11.45,ZA,2020-08-21 01:15:47
56,Busselton,-33.65,115.33,46.0,100,100,6.11,AU,2020-08-21 01:13:33
57,Malko Tarnovo,41.98,27.53,69.8,77,20,8.05,BG,2020-08-21 01:15:48
58,Bonnyville,54.27,-110.73,75.2,31,75,8.05,CA,2020-08-21 01:15:48
59,Mpika,-11.83,31.45,59.36,75,0,10.18,ZM,2020-08-21 01:15:48
60,Lavrentiya,65.58,-171.0,52.21,70,100,6.26,RU,2020-08-21 01:15:49
61,Alofi,-19.06,-169.92,84.2,74,75,9.17,NU,2020-08-21 01:14:17
62,Srednekolymsk,67.45,153.68,45.45,57,99,11.16,RU,2020-08-21 01:14:29
63,Ancud,-41.87,-73.82,48.0,93,90,6.93,CL,2020-08-21 01:15:09
64,Bethel,41.37,-73.41,66.2,68,1,5.82,US,2020-08-21 01:14:37
65,Zhigansk,66.77,123.37,45.81,58,0,17.83,RU,2020-08-21 01:15:06
66,Ninghai,29.29,121.42,88.0,74,40,8.95,CN,2020-08-21 01:15:50
67,Goderich,43.75,-81.72,75.99,72,0,20.11,CA,2020-08-21 01:11:03
68,Sitka,57.05,-135.33,69.8,49,40,17.22,US,2020-08-21 01:15:50
69,Avarua,-21.21,-159.78,78.8,78,0,19.46,CK,2020-08-21 01:14:58
70,Omboue,-1.57,9.26,72.43,85,100,7.74,GA,2020-08-21 01:15:51
71,Bolkhov,53.44,36.0,51.82,86,100,6.15,RU,2020-08-21 01:15:51
72,Port Hedland,-20.32,118.57,78.8,13,0,11.41,AU,2020-08-21 01:15:51
73,North Bend,43.41,-124.22,73.99,73,90,14.99,US,2020-08-21 01:14:27
74,Victoria,22.29,114.16,87.01,79,23,6.38,HK,2020-08-21 01:13:48
75,Qasigiannguit,68.82,-51.19,42.8,70,19,3.89,GL,2020-08-21 01:15:51
76,Sandwick,60.0,-1.25,59.0,93,0,16.11,GB,2020-08-21 01:15:52
77,Hobart,-42.88,147.33,48.99,61,75,10.29,AU,2020-08-21 01:12:13
78,Mahebourg,-20.41,57.7,64.4,82,20,6.93,MU,2020-08-21 01:14:35
79,Saint-Dizier,48.42,5.08,82.4,48,0,6.93,FR,2020-08-21 01:15:52
80,Sorland,67.67,12.69,51.03,74,50,11.41,NO,2020-08-21 01:14:07
81,Alta Floresta,-9.88,-56.09,81.01,30,29,2.55,BR,2020-08-21 01:12:28
82,Sao Filipe,14.9,-24.5,76.35,79,0,9.42,CV,2020-08-21 01:14:15
83,Vaini,-21.2,-175.2,80.6,83,75,8.05,TO,2020-08-21 01:15:53
84,Nioro,13.35,-15.75,75.65,94,100,5.66,GM,2020-08-21 01:15:53
85,Bianzhuang,34.85,118.04,68.86,92,100,11.25,CN,2020-08-21 01:15:53
86,Pisco,-13.7,-76.22,63.0,77,9,11.41,PE,2020-08-21 01:15:00
87,Pajapan,18.25,-94.7,86.0,74,75,5.68,MX,2020-08-21 01:15:54
88,Provideniya,64.38,-173.3,55.4,66,99,15.66,RU,2020-08-21 01:14:03
89,Puerto Escondido,15.85,-97.07,84.2,62,75,1.28,MX,2020-08-21 01:15:54
90,Tuatapere,-46.13,167.68,50.0,98,100,1.01,NZ,2020-08-21 01:15:55
91,Pacific Grove,36.62,-121.92,71.6,56,90,8.05,US,2020-08-21 01:13:39
92,Arinos,-15.92,-46.11,73.69,39,0,2.13,BR,2020-08-21 01:15:55
93,Te Anau,-45.42,167.72,51.98,74,100,3.22,NZ,2020-08-21 01:15:55
94,Punta Arenas,-53.15,-70.92,42.8,87,75,11.41,CL,2020-08-21 01:14:18
95,Ajdabiya,30.76,20.23,72.5,79,0,10.2,LY,2020-08-21 01:15:56
96,Jiwani,25.05,61.74,81.72,83,100,7.99,PK,2020-08-21 01:15:56
97,Tuktoyaktuk,69.45,-133.04,55.4,71,90,10.29,CA,2020-08-21 01:15:56
98,Esperance,-33.87,121.9,50.0,100,80,4.7,AU,2020-08-21 01:12:05
99,Veraval,20.9,70.37,81.16,86,100,11.95,IN,2020-08-21 01:15:57
100,Catalina Foothills,32.3,-110.92,106.0,33,0,8.99,US,2020-08-21 01:15:57
101,Vila Velha,-20.33,-40.29,73.4,83,75,10.29,BR,2020-08-21 01:14:07
102,Bolshaya Sosnova,57.67,54.6,53.46,89,100,10.42,RU,2020-08-21 01:15:58
103,Port Hardy,50.7,-127.42,62.6,88,75,3.36,CA,2020-08-21 01:15:58
104,Miri,4.41,114.01,82.4,78,20,5.82,MY,2020-08-21 01:14:13
105,Lovozero,68.0,35.01,51.82,94,100,2.13,RU,2020-08-21 01:15:59
106,Longyearbyen,78.22,15.64,41.0,86,75,5.82,SJ,2020-08-21 01:14:52
107,Asau,46.43,26.4,57.0,98,0,4.38,RO,2020-08-21 01:15:59
108,Broome,42.25,-75.83,66.2,52,1,4.7,US,2020-08-21 01:15:59
109,Beringovskiy,63.05,179.32,56.14,65,6,15.3,RU,2020-08-21 01:15:59
110,Port Blair,11.67,92.75,82.8,79,100,10.42,IN,2020-08-21 01:14:11
111,Doka,13.52,35.77,72.34,96,95,10.25,SD,2020-08-21 01:16:00
112,Gat,31.61,34.76,73.99,77,0,3.74,IL,2020-08-21 01:14:02
113,Georgetown,5.41,100.34,82.4,88,20,2.24,MY,2020-08-21 01:16:01
114,Marquette,46.53,-87.63,64.99,91,89,3.11,US,2020-08-21 01:16:01
115,Amberieu-En-Bugey,45.96,5.34,78.8,47,0,12.75,FR,2020-08-21 01:16:01
116,Dukat,62.55,155.55,42.57,93,100,10.22,RU,2020-08-21 01:16:01
117,Hasaki,35.73,140.83,93.0,70,40,3.36,JP,2020-08-21 01:14:45
118,Saint-Philippe,-21.36,55.77,68.0,49,21,10.29,RE,2020-08-21 01:14:00
119,Khatanga,71.97,102.5,50.31,53,0,16.08,RU,2020-08-21 01:16:02
120,Arraial Do Cabo,-22.97,-42.03,68.0,94,90,5.82,BR,2020-08-21 01:14:28
121,Nanortalik,60.14,-45.24,45.01,74,0,0.94,GL,2020-08-21 01:14:30
122,Duldurga,50.68,113.59,68.88,68,39,2.91,RU,2020-08-21 01:16:03
123,Dzhebariki-Khaya,62.22,135.8,56.19,46,0,5.46,RU,2020-08-21 01:16:03
124,Salalah,17.02,54.09,78.8,94,90,1.12,OM,2020-08-21 01:14:53
125,Urumqi,43.8,87.6,71.6,40,76,2.24,CN,2020-08-21 01:16:04
126,Geraldton,-28.77,114.6,57.2,71,100,10.29,AU,2020-08-21 01:16:04
127,Udachnyy,66.42,112.4,51.8,53,97,4.47,RU,2020-08-21 01:14:04
128,Kisanga,-7.44,37.7,70.36,81,54,2.28,TZ,2020-08-21 01:16:04
129,Carnarvon,-24.87,113.63,64.4,88,94,6.93,AU,2020-08-21 01:10:19
130,Castro,-24.79,-50.01,50.07,95,100,6.51,BR,2020-08-21 01:14:45
131,Saint-Francois,46.42,3.91,80.6,36,0,13.87,FR,2020-08-21 01:16:05
132,Jamestown,42.1,-79.24,71.6,49,1,5.82,US,2020-08-21 01:14:08
133,Presidencia Roque Saenz Pena,-26.79,-60.44,42.01,61,0,3.06,AR,2020-08-21 01:16:05
134,Carlyle,38.61,-89.37,75.0,66,0,4.94,US,2020-08-21 01:16:06
135,Aranos,-24.13,19.12,41.43,49,0,8.41,NA,2020-08-21 01:16:06
136,Patacamaya,-17.23,-67.92,43.43,82,55,9.1,BO,2020-08-21 01:16:06
137,Weston,26.1,-80.4,84.0,78,75,8.05,US,2020-08-21 01:15:40
138,Mount Gambier,-37.83,140.77,42.8,93,75,19.46,AU,2020-08-21 01:14:56
139,Comodoro Rivadavia,-45.87,-67.5,57.2,44,0,11.41,AR,2020-08-21 01:16:07
140,Saskylakh,71.92,114.08,43.54,62,100,6.4,RU,2020-08-21 01:14:49
141,Luderitz,-26.65,15.16,58.78,33,0,11.45,NA,2020-08-21 01:16:07
142,Monki,53.41,22.8,66.0,100,58,0.56,PL,2020-08-21 01:16:07
143,Lazaro Cardenas,17.96,-102.2,80.96,84,100,6.93,MX,2020-08-21 01:16:08
144,Atar,20.52,-13.05,89.29,44,6,11.34,MR,2020-08-21 01:14:51
145,Panubigan,7.43,123.35,81.72,80,100,4.94,PH,2020-08-21 01:16:08
146,Santa Cruz,-17.8,-63.17,48.2,76,90,24.16,BO,2020-08-21 01:15:04
147,Kavaratti,10.57,72.64,82.51,80,100,13.67,IN,2020-08-21 01:16:08
148,Florida,28.75,-82.5,75.2,94,90,16.11,US,2020-08-21 01:11:41
149,Caconda,-13.73,15.07,49.12,44,83,2.46,AO,2020-08-21 01:16:09
150,Novoagansk,61.94,76.66,52.2,96,100,6.49,RU,2020-08-21 01:16:09
151,Labuhan,-6.88,112.21,80.8,74,9,11.97,ID,2020-08-21 01:16:09
152,Qaanaaq,77.48,-69.36,42.93,77,100,3.0,GL,2020-08-21 01:15:00
153,Roma,43.21,-75.46,64.0,77,1,3.36,US,2020-08-21 01:16:10
154,Komsomolskiy,40.43,71.72,68.0,64,1,2.24,UZ,2020-08-21 01:16:10
155,Chapais,49.78,-74.85,53.6,93,90,6.4,CA,2020-08-21 01:16:10
156,Marzuq,14.4,46.47,80.2,54,65,5.01,YE,2020-08-21 01:14:58
157,Orlik,52.52,99.83,53.26,72,100,1.05,RU,2020-08-21 01:16:11
158,Derzhavinsk,51.1,66.32,54.82,74,91,11.5,KZ,2020-08-21 01:16:11
159,Senanga,-16.12,23.27,54.63,30,1,5.64,ZM,2020-08-21 01:16:11
160,Kunda,25.72,81.52,78.85,84,100,17.83,IN,2020-08-21 01:16:12
161,Qandala,11.47,49.87,88.29,55,81,9.04,SO,2020-08-21 01:16:12
162,Port Elizabeth,-33.92,25.57,53.6,87,20,5.82,ZA,2020-08-21 01:09:59
163,Tucumcari,35.17,-103.72,93.63,18,1,8.52,US,2020-08-21 01:16:12
164,Touros,-5.2,-35.46,75.2,94,20,5.82,BR,2020-08-21 01:16:13
165,Seoni,22.08,79.53,73.02,97,100,6.06,IN,2020-08-21 01:16:13
166,Ust-Nera,64.57,143.2,47.35,52,0,5.77,RU,2020-08-21 01:16:13
167,Cockburn Town,21.46,-71.14,83.05,79,0,18.92,TC,2020-08-21 01:14:27
168,Kamenka,51.32,42.77,54.0,73,27,5.01,RU,2020-08-21 01:16:14
169,San Borja,-14.82,-66.85,53.28,87,100,10.33,BO,2020-08-21 01:16:14
170,Conway,35.09,-92.44,82.4,58,75,3.36,US,2020-08-21 01:16:14
171,Huarmey,-10.07,-78.15,60.93,82,98,9.42,PE,2020-08-21 01:16:15
172,Isangel,-19.55,169.27,84.2,58,20,5.82,VU,2020-08-21 01:16:15
173,Faanui,-16.48,-151.75,77.83,79,8,21.47,PF,2020-08-21 01:15:02
174,Warmbad,-28.45,18.73,48.58,39,0,6.73,NA,2020-08-21 01:16:15
175,Codrington,-38.27,141.97,49.33,78,100,22.06,AU,2020-08-21 01:14:47
176,Ribeira Grande,38.52,-28.7,69.8,83,75,17.22,PT,2020-08-21 01:16:16
177,Takoradi,4.88,-1.76,75.11,87,100,12.3,GH,2020-08-21 01:16:16
178,Trinidad,-14.83,-64.9,54.14,60,100,14.07,BO,2020-08-21 01:16:16
179,Tasiilaq,65.61,-37.64,39.2,86,0,4.7,GL,2020-08-21 01:14:33
180,Nome,64.5,-165.41,62.01,82,40,10.29,US,2020-08-21 01:13:58
181,Krasnoturansk,54.32,91.56,59.0,93,20,2.24,RU,2020-08-21 01:16:17
182,Tateyama,34.98,139.87,90.0,70,20,6.93,JP,2020-08-21 01:16:17
183,Cayenne,4.93,-52.33,78.8,88,0,3.36,GF,2020-08-21 01:16:17
184,Eyl,7.98,49.82,75.83,76,0,21.39,SO,2020-08-21 01:16:18
185,Aklavik,68.22,-135.01,64.4,55,75,4.7,CA,2020-08-21 01:14:28
186,Yulara,-25.24,130.99,60.8,31,0,10.29,AU,2020-08-21 01:13:26
187,Denpasar,-8.65,115.22,80.6,100,20,14.99,ID,2020-08-21 01:15:36
188,Micheweni,-4.97,39.83,73.99,84,100,9.31,TZ,2020-08-21 01:16:18
189,Chuy,-33.7,-53.46,38.89,75,0,7.34,UY,2020-08-21 01:16:19
190,Kavieng,-2.57,150.8,84.09,72,51,7.99,PG,2020-08-21 01:16:19
191,Puerto El Triunfo,13.28,-88.55,82.4,88,20,2.24,SV,2020-08-21 01:16:19
192,Petropavlovsk-Kamchatskiy,53.05,158.65,62.6,67,75,2.24,RU,2020-08-21 01:14:34
193,Airai,-8.93,125.41,74.68,23,0,4.79,TL,2020-08-21 01:16:20
194,Bathsheba,13.22,-59.52,80.6,88,75,10.29,BB,2020-08-21 01:14:00
195,Cabedelo,-6.98,-34.83,75.2,94,75,9.17,BR,2020-08-21 01:14:44
196,Raton,36.9,-104.44,69.8,46,90,23.04,US,2020-08-21 01:16:21
197,Milkovo,54.72,158.62,59.0,66,83,9.73,RU,2020-08-21 01:16:21
198,Chokurdakh,70.63,147.92,40.28,71,93,3.6,RU,2020-08-21 01:14:02
199,Porgera,-5.47,143.2,55.89,62,11,3.18,PG,2020-08-21 01:16:21
200,Capaci,38.17,13.24,80.01,78,0,3.36,IT,2020-08-21 01:16:22
201,Fairbanks,64.84,-147.72,72.0,60,75,3.36,US,2020-08-21 01:14:10
202,Leninskoye,47.94,132.62,67.91,64,0,6.04,RU,2020-08-21 01:16:22
203,Souillac,-20.52,57.52,64.4,82,20,6.93,MU,2020-08-21 01:16:22
204,Kahului,20.89,-156.47,87.8,52,40,20.8,US,2020-08-21 01:14:20
205,Cururupu,-1.83,-44.87,75.07,89,0,3.91,BR,2020-08-21 01:16:02
206,Nyazepetrovsk,56.05,59.6,52.11,96,100,9.37,RU,2020-08-21 01:16:23
207,Boa Vista,2.82,-60.67,86.0,66,23,6.93,BR,2020-08-21 01:15:11
208,Tarauaca,-8.16,-70.77,81.36,64,34,1.28,BR,2020-08-21 01:16:23
209,Utete,-7.99,38.76,68.27,93,39,1.25,TZ,2020-08-21 01:16:23
210,Olinda,-8.01,-34.86,75.2,94,75,10.29,BR,2020-08-21 01:12:00
211,Naze,28.37,129.48,87.8,74,40,4.7,JP,2020-08-21 01:16:24
212,Yellowknife,62.46,-114.35,59.0,51,20,3.36,CA,2020-08-21 01:14:09
213,Nemuro,43.32,145.57,68.0,64,75,2.24,JP,2020-08-21 01:16:24
214,Kibara,-2.15,33.45,68.0,88,75,4.63,TZ,2020-08-21 01:16:24
215,Burnie,-41.07,145.92,45.0,84,100,11.99,AU,2020-08-21 01:16:24
216,Lagoa,39.05,-27.98,69.19,80,62,15.99,PT,2020-08-21 01:14:29
217,Igrim,63.19,64.42,51.28,96,64,6.22,RU,2020-08-21 01:16:25
218,Itabira,-19.62,-43.23,73.4,69,50,13.87,BR,2020-08-21 01:15:12
219,Mikkeli,61.69,27.27,55.0,100,5,3.27,FI,2020-08-21 01:16:26
220,Capoterra,39.18,8.97,75.2,78,0,3.36,IT,2020-08-21 01:16:26
221,Lata,40.16,-8.33,66.0,99,29,1.32,PT,2020-08-21 01:14:52
222,Vestmannaeyjar,63.44,-20.27,48.83,79,100,7.76,IS,2020-08-21 01:14:11
223,Odweyne,9.41,45.06,73.04,64,7,15.86,SO,2020-08-21 01:16:26
224,Starosubkhangulovo,53.1,57.44,51.42,90,100,5.46,RU,2020-08-21 01:16:26
225,Ucluelet,48.93,-125.55,59.0,100,90,21.92,CA,2020-08-21 01:13:16
226,Mizdah,31.45,12.98,71.04,78,0,6.67,LY,2020-08-21 01:16:27
227,Havre-Saint-Pierre,50.23,-63.6,57.92,63,0,8.21,CA,2020-08-21 01:16:27
228,Mildura,-34.2,142.15,50.0,93,75,11.41,AU,2020-08-21 01:14:59
229,Yatou,37.15,122.38,70.79,89,100,7.43,CN,2020-08-21 01:14:59
230,Mar Del Plata,-38.0,-57.56,48.0,60,0,9.17,AR,2020-08-21 01:12:52
231,Myitkyina,25.38,97.4,76.66,93,90,0.74,MM,2020-08-21 01:16:28
232,Bilibino,68.05,166.44,42.87,84,100,4.52,RU,2020-08-21 01:14:19
233,Cabo San Lucas,22.89,-109.91,81.0,94,90,8.05,MX,2020-08-21 01:16:28
234,Sol-Iletsk,51.16,54.99,52.92,77,0,6.38,RU,2020-08-21 01:16:28
235,Necochea,-38.55,-58.74,39.99,68,0,5.01,AR,2020-08-21 01:14:32
236,Atuntaqui,0.33,-78.22,59.0,87,75,11.41,EC,2020-08-21 01:16:29
237,Khasan,42.43,130.64,68.61,54,100,2.73,RU,2020-08-21 01:16:29
238,Lewistown,40.6,-77.57,71.01,64,1,2.75,US,2020-08-21 01:16:29
239,Makakilo City,21.35,-158.09,89.6,52,40,12.75,US,2020-08-21 01:15:40
240,Kungurtug,50.6,97.52,55.67,85,100,2.01,RU,2020-08-21 01:14:56
241,Rawson,-43.3,-65.1,52.41,48,0,5.39,AR,2020-08-21 01:12:24
242,Ankazobe,-18.32,47.12,50.0,93,40,4.7,MG,2020-08-21 01:16:30
243,Chunskiy,56.08,99.63,64.76,63,100,1.59,RU,2020-08-21 01:16:30
244,Saint Anthony,45.02,-93.22,80.6,57,1,10.29,US,2020-08-21 01:16:31
245,Burgeo,47.62,-57.62,59.59,84,0,16.28,CA,2020-08-21 01:16:31
246,Hamilton,39.18,-84.53,75.2,60,1,3.36,US,2020-08-21 01:13:12
247,Kokopo,-4.35,152.26,85.05,68,0,12.41,PG,2020-08-21 01:16:31
248,Narsaq,60.92,-46.05,46.4,70,0,5.82,GL,2020-08-21 01:15:24
249,Saint-Joseph,-21.37,55.62,68.0,49,26,10.29,RE,2020-08-21 01:16:32
250,Los Llanos De Aridane,28.66,-17.92,71.6,73,0,6.93,ES,2020-08-21 01:16:32
251,Oeiras Do Para,-2.0,-49.85,77.76,60,0,2.33,BR,2020-08-21 01:16:32
252,Lompoc,34.64,-120.46,68.0,64,90,12.75,US,2020-08-21 01:11:46
253,Barra Patuca,15.8,-84.28,79.75,81,98,4.16,HN,2020-08-21 01:16:33
254,Sept-Iles,50.2,-66.38,63.0,51,20,6.93,CA,2020-08-21 01:15:26
255,Saint-Louis,16.33,-15.0,86.0,74,40,2.24,SN,2020-08-21 01:16:33
256,Pangnirtung,66.15,-65.71,52.9,65,9,3.11,CA,2020-08-21 01:15:10
257,Mayachnyy,52.68,55.69,52.93,89,100,6.22,RU,2020-08-21 01:16:34
258,Guanica,17.97,-66.91,80.01,80,13,6.06,PR,2020-08-21 01:16:34
259,Pedro Juan Caballero,-22.55,-55.73,44.64,91,100,5.88,PY,2020-08-21 01:16:34
260,Oktyabrskoye,43.06,44.74,62.6,93,2,4.47,RU,2020-08-21 01:16:34
261,Pinawa,50.15,-95.88,75.81,62,10,3.62,CA,2020-08-21 01:16:35
262,Plettenberg Bay,-34.05,23.37,55.04,82,16,2.71,ZA,2020-08-21 01:16:35
263,Sao Joao Da Barra,-21.64,-41.05,71.76,76,99,20.62,BR,2020-08-21 01:14:55
264,Launceston,-41.45,147.17,45.0,86,90,17.22,AU,2020-08-21 01:16:35
265,Tanabe,33.73,135.37,89.6,70,20,4.7,JP,2020-08-21 01:16:35
266,Anan,33.92,134.65,87.8,74,20,5.82,JP,2020-08-21 01:16:35
267,Bellevue,47.61,-122.2,81.0,47,1,8.05,US,2020-08-21 01:16:36
268,Valdivia,-39.81,-73.25,41.0,100,0,3.4,CL,2020-08-21 01:16:36
269,Tilichiki,60.47,166.1,48.78,95,100,4.12,RU,2020-08-21 01:16:36
270,Ponta Do Sol,32.67,-17.1,75.2,83,40,1.12,PT,2020-08-21 01:15:09
271,Beloha,-25.17,45.05,64.78,73,87,6.26,MG,2020-08-21 01:16:37
272,Barra Do Garcas,-15.89,-52.26,80.35,33,45,5.39,BR,2020-08-21 01:16:37
273,Perigueux,45.18,0.72,75.99,66,0,1.19,FR,2020-08-21 01:16:37
274,Walvis Bay,-22.96,14.51,55.4,47,0,4.7,NA,2020-08-21 01:16:37
275,Whithorn,18.26,-78.04,82.4,69,20,2.24,JM,2020-08-21 01:16:38
276,Kampong Chhnang,12.17,104.55,79.84,84,98,2.01,KH,2020-08-21 01:16:38
277,Coari,-4.08,-63.14,84.13,47,7,2.64,BR,2020-08-21 01:11:37
278,Aguimes,27.91,-15.45,73.4,60,0,16.11,ES,2020-08-21 01:16:38
279,Nishihara,26.18,127.76,89.6,75,40,6.93,JP,2020-08-21 01:14:34
280,Krasnorechenskiy,44.63,135.35,69.37,40,91,3.89,RU,2020-08-21 01:16:39
281,Kadoma,34.73,135.58,93.2,63,20,3.36,JP,2020-08-21 01:16:39
282,Navalmoral De La Mata,39.89,-5.54,71.01,71,0,6.42,ES,2020-08-21 01:16:39
283,Visby,57.64,18.3,61.0,100,79,3.36,SE,2020-08-21 01:16:39
284,Pinhao,-25.7,-51.66,41.58,93,100,4.36,BR,2020-08-21 01:16:39
285,Feijo,-8.16,-70.35,78.84,76,63,1.14,BR,2020-08-21 01:16:40
286,Butembo,0.15,29.28,58.32,99,70,2.26,CD,2020-08-21 01:16:40
287,Haines Junction,60.75,-137.51,54.39,74,100,2.91,CA,2020-08-21 01:16:40
288,Thompson,55.74,-97.86,77.0,41,40,12.75,CA,2020-08-21 01:15:10
289,Lorengau,-2.02,147.27,85.82,68,18,11.56,PG,2020-08-21 01:14:20
290,Kalmunai,7.42,81.82,78.42,77,82,9.17,LK,2020-08-21 01:16:41
291,Layou,13.2,-61.27,89.6,66,40,12.75,VC,2020-08-21 01:16:41
292,Upernavik,72.79,-56.15,45.23,71,100,0.65,GL,2020-08-21 01:14:18
293,Saldanha,-33.01,17.94,48.2,87,0,4.7,ZA,2020-08-21 01:14:50
294,Oranjemund,-28.55,16.43,54.43,47,0,5.28,NA,2020-08-21 01:16:41
295,Irgakly,44.36,44.76,65.7,66,0,5.1,RU,2020-08-21 01:16:42
296,Viedma,-40.81,-63.0,52.27,51,0,11.39,AR,2020-08-21 01:16:42
297,Emerald,-23.53,148.17,69.8,22,0,13.87,AU,2020-08-21 01:16:42
298,Sinnar,13.57,33.57,77.36,80,100,5.26,SD,2020-08-21 01:16:42
299,Thunder Bay,48.4,-89.32,64.99,93,40,0.78,CA,2020-08-21 01:16:42
300,Dunedin,-45.87,170.5,50.0,90,100,10.0,NZ,2020-08-21 01:16:43
301,Bandar,2.05,99.75,79.41,84,95,3.31,ID,2020-08-21 01:15:15
302,Guerrero Negro,27.98,-114.06,81.09,57,100,13.98,MX,2020-08-21 01:15:12
303,Dikson,73.51,80.55,44.04,78,0,16.98,RU,2020-08-21 01:14:36
304,Dzhalil,55.02,52.74,50.22,93,100,7.67,RU,2020-08-21 01:16:43
305,Paso De Carrasco,-34.86,-56.05,39.2,54,0,5.82,UY,2020-08-21 01:16:43
306,Henties Bay,-22.12,14.28,57.22,42,0,5.35,NA,2020-08-21 01:16:44
307,Coihaique,-45.58,-72.07,41.0,75,93,4.7,CL,2020-08-21 01:16:44
308,Wajima,37.4,136.9,82.4,78,40,4.7,JP,2020-08-21 01:16:44
309,Severo-Yeniseyskiy,60.37,93.04,54.61,83,2,6.67,RU,2020-08-21 01:16:44
310,Komarikhinskiy,58.1,57.12,55.4,100,90,8.95,RU,2020-08-21 01:16:44
311,Kundgol,15.25,75.25,71.55,90,100,14.5,IN,2020-08-21 01:16:45
312,Bahia Blanca,-38.72,-62.27,47.7,51,0,10.54,AR,2020-08-21 01:16:45
313,Vardo,70.37,31.11,48.42,86,100,4.21,NO,2020-08-21 01:16:13
314,Nova Praha,48.57,32.9,70.14,51,54,5.61,UA,2020-08-21 01:16:45
315,Praia Da Vitoria,38.73,-27.07,69.8,88,90,14.2,PT,2020-08-21 01:16:45
316,Sakakah,29.97,40.21,84.2,17,0,8.05,SA,2020-08-21 01:09:03
317,Nelson Bay,-32.72,152.15,63.0,42,20,26.4,AU,2020-08-21 01:16:46
318,Mongu,-15.25,23.13,59.07,28,0,9.4,ZM,2020-08-21 01:16:46
319,Miles City,46.41,-105.84,93.2,18,1,6.04,US,2020-08-21 01:16:46
320,Luebo,-5.35,21.42,75.88,82,94,1.07,CD,2020-08-21 01:16:46
321,Aksay,47.26,39.87,75.2,41,100,11.18,RU,2020-08-21 01:16:47
322,San Jeronimo,-11.95,-75.28,53.55,62,100,2.8,PE,2020-08-21 01:16:47
323,Husavik,66.04,-17.34,44.6,75,95,3.36,IS,2020-08-21 01:16:47
324,Traverse City,44.76,-85.62,80.6,51,75,11.41,US,2020-08-21 01:11:58
325,Aiken,33.58,-81.6,77.0,94,40,4.7,US,2020-08-21 01:16:47
326,Ketchikan,55.34,-131.65,66.2,77,90,28.86,US,2020-08-21 01:16:48
327,Ust-Tsilma,65.44,52.15,52.95,89,100,7.74,RU,2020-08-21 01:16:48
328,Tomatlan,19.93,-105.25,80.02,78,99,3.62,MX,2020-08-21 01:16:48
329,Srandakan,-7.94,110.25,80.4,64,0,6.13,ID,2020-08-21 01:16:48
330,Privolnaya,46.14,38.7,74.84,43,100,11.48,RU,2020-08-21 01:16:48
331,Hofn,64.25,-15.21,48.34,64,100,23.73,IS,2020-08-21 01:16:49
332,Paulista,-7.94,-34.87,75.2,94,75,10.29,BR,2020-08-21 01:15:55
333,Mount Isa,-20.73,139.5,73.4,20,0,11.41,AU,2020-08-21 01:16:49
334,Korla,41.76,86.15,70.0,69,0,15.73,CN,2020-08-21 01:16:49
335,Celestun,20.87,-90.4,81.79,79,20,9.46,MX,2020-08-21 01:16:49
336,Sirajganj,24.45,89.72,80.17,90,100,20.6,BD,2020-08-21 01:16:50
337,Benemerito De Las Americas,16.52,-90.64,81.07,73,86,2.68,MX,2020-08-21 01:16:50
338,Deputatskiy,69.3,139.9,40.26,70,56,2.89,RU,2020-08-21 01:15:07
339,Svetlogorsk,52.63,29.73,62.06,92,100,7.31,BY,2020-08-21 01:16:50
340,Nouadhibou,20.93,-17.03,71.6,83,0,2.24,MR,2020-08-21 01:16:51
341,Hambantota,6.12,81.12,77.0,100,100,8.05,LK,2020-08-21 01:16:51
342,Cowansville,45.2,-72.75,66.2,68,90,3.24,CA,2020-08-21 01:16:51
343,Shimoda,34.67,138.95,87.8,70,20,6.93,JP,2020-08-21 01:16:51
344,Tazovskiy,67.47,78.7,54.79,89,100,4.23,RU,2020-08-21 01:14:13
345,Venado Tuerto,-33.75,-61.97,37.0,56,0,4.0,AR,2020-08-21 01:16:52
346,Jinchang,38.5,102.17,72.03,52,100,13.53,CN,2020-08-21 01:14:00
347,San Policarpo,12.18,125.51,83.17,72,100,3.94,PH,2020-08-21 01:16:52
348,Zhaodong,46.08,125.98,66.2,77,0,2.24,CN,2020-08-21 01:16:52
349,Kuryk,43.2,51.65,77.09,39,0,4.68,KZ,2020-08-21 01:16:52
350,Norman Wells,65.28,-126.83,66.2,45,40,16.11,CA,2020-08-21 01:14:06
351,Dubrovnik,42.65,18.09,78.8,39,0,18.34,HR,2020-08-21 01:16:53
352,Rio Cuarto,-33.13,-64.35,44.6,19,0,5.82,AR,2020-08-21 01:16:53
353,Batemans Bay,-35.72,150.18,61.0,68,32,8.99,AU,2020-08-21 01:16:54
354,Kysyl-Syr,63.9,122.76,57.85,46,1,4.5,RU,2020-08-21 01:16:54
355,Luanda,-8.84,13.23,69.8,94,20,5.82,AO,2020-08-21 01:14:07
356,Fortuna,40.6,-124.16,75.99,71,1,3.0,US,2020-08-21 01:13:06
357,Rolla,37.95,-91.77,72.0,68,1,4.7,US,2020-08-21 01:16:55
358,Hay River,60.82,-115.8,53.6,76,75,5.82,CA,2020-08-21 01:16:55
359,Kilindoni,-7.91,39.67,76.68,77,43,13.47,TZ,2020-08-21 01:16:55
360,Vostok,46.49,135.88,63.16,53,0,7.81,RU,2020-08-21 01:16:56
361,Egvekinot,66.32,-179.17,51.87,72,95,9.64,RU,2020-08-21 01:14:37
362,Tadine,-21.55,167.88,75.2,64,1,8.32,NC,2020-08-21 01:16:56
363,Fort Frances,48.6,-93.4,77.0,65,1,8.05,CA,2020-08-21 01:13:12
364,Riyadh,24.69,46.72,84.2,21,0,3.36,SA,2020-08-21 01:15:42
365,Orda,57.2,56.91,53.71,94,99,10.02,RU,2020-08-21 01:16:56
366,Cusco,-13.52,-71.98,52.47,60,100,5.01,PE,2020-08-21 01:13:19
367,Christchurch,-43.53,172.63,54.0,87,100,10.29,NZ,2020-08-21 01:13:14
368,Honiara,-9.43,159.95,87.8,62,40,6.93,SB,2020-08-21 01:16:57
369,Linqu,36.52,118.54,75.0,73,100,4.7,CN,2020-08-21 01:16:57
370,Chenzhou,25.8,113.03,85.87,65,100,1.21,CN,2020-08-21 01:13:53
371,Porohy,48.69,24.26,58.69,85,0,3.98,UA,2020-08-21 01:16:58
372,Kupang,-10.17,123.58,84.2,54,20,8.05,ID,2020-08-21 01:16:58
373,Wanlaweyn,2.62,44.89,74.1,81,86,10.27,SO,2020-08-21 01:16:58
374,Copiapo,-27.37,-70.33,51.8,81,0,8.05,CL,2020-08-21 01:11:55
375,Port Lincoln,-34.73,135.87,52.95,60,83,24.29,AU,2020-08-21 01:16:59
376,Mahibadhoo,3.78,72.97,82.94,66,40,3.51,MV,2020-08-21 01:16:59
377,Mecca,21.43,39.83,90.73,28,100,2.28,SA,2020-08-21 01:12:49
378,Axim,4.87,-2.24,75.09,87,100,11.25,GH,2020-08-21 01:14:09
379,Phan Thiet,10.93,108.1,82.2,76,4,3.94,VN,2020-08-21 01:13:21
380,Nikolskoye,59.7,30.79,55.4,82,0,3.98,RU,2020-08-21 01:17:03
381,Scottsboro,34.67,-86.03,80.6,78,75,5.82,US,2020-08-21 01:17:04
382,Whitehorse,60.72,-135.05,57.2,67,90,4.7,CA,2020-08-21 01:17:04
383,Okhotsk,59.38,143.3,55.94,60,100,5.35,RU,2020-08-21 01:17:04
384,Vestmanna,62.16,-7.17,53.6,93,95,2.24,FO,2020-08-21 01:17:04
385,Inhambane,-23.86,35.38,64.44,79,51,4.79,MZ,2020-08-21 01:17:04
386,Cubuk,40.24,33.03,60.8,67,0,1.12,TR,2020-08-21 01:17:05
387,Mizan Teferi,6.98,35.58,63.03,88,99,2.06,ET,2020-08-21 01:17:05
388,Meridian,43.61,-116.39,93.0,17,1,7.16,US,2020-08-21 01:16:04
389,Mariental,-24.63,17.97,43.79,43,0,9.46,NA,2020-08-21 01:17:05
390,Iturama,-19.73,-50.2,65.17,61,0,17.38,BR,2020-08-21 01:17:05
391,Vallenar,-28.57,-70.76,57.74,56,0,2.68,CL,2020-08-21 01:17:05
392,Neryungri,56.67,124.65,65.97,52,76,1.07,RU,2020-08-21 01:17:06
393,Kiruna,67.86,20.23,48.2,100,100,1.23,SE,2020-08-21 01:13:47
394,Salinopolis,-0.61,-47.36,80.02,81,65,13.09,BR,2020-08-21 01:17:06
395,Aykino,62.22,49.99,50.04,96,46,6.04,RU,2020-08-21 01:17:06
396,Borujerd,33.9,48.75,64.4,31,0,1.41,IR,2020-08-21 01:17:06
397,Chapleau,47.84,-83.4,60.8,93,40,3.36,CA,2020-08-21 01:17:07
398,Acarau,-2.89,-40.12,76.78,83,0,11.41,BR,2020-08-21 01:17:07
399,Coahuayana,18.73,-103.68,77.0,83,75,11.41,MX,2020-08-21 01:17:08
400,Westport,41.14,-73.36,73.4,53,1,5.82,US,2020-08-21 01:15:12
401,Evensk,61.95,159.23,49.06,87,100,29.08,RU,2020-08-21 01:17:09
402,Bloemfontein,-29.12,26.21,28.4,58,0,3.36,ZA,2020-08-21 01:12:18
403,Yayva,59.33,57.26,55.99,100,100,3.0,RU,2020-08-21 01:17:09
404,Chicama,-7.84,-79.15,61.81,79,100,7.05,PE,2020-08-21 01:17:09
405,Cooma,-36.23,149.13,44.6,65,75,20.8,AU,2020-08-21 01:17:09
406,Turukhansk,65.82,87.98,58.17,83,0,7.92,RU,2020-08-21 01:17:10
407,Saint-Georges,12.06,-61.75,82.4,88,20,5.82,GD,2020-08-21 01:17:10
408,Rubizhne,49.01,38.38,69.13,50,99,8.37,UA,2020-08-21 01:17:10
409,Ankola,14.67,74.3,78.69,87,100,7.18,IN,2020-08-21 01:17:10
410,Quatre Cocos,-20.21,57.76,70.0,82,20,6.93,MU,2020-08-21 01:17:10
411,Dudinka,69.41,86.18,55.4,66,15,8.95,RU,2020-08-21 01:17:11
412,Ugoofaaru,5.67,73.0,82.94,71,100,7.2,MV,2020-08-21 01:17:11
413,Macanal,4.97,-73.32,59.92,93,37,3.06,CO,2020-08-21 01:17:11
414,Sinnamary,5.38,-52.95,79.99,81,4,13.76,GF,2020-08-21 01:17:11
415,Nizhniy Kuranakh,58.84,125.49,62.06,59,0,2.06,RU,2020-08-21 01:17:11
416,Sibolga,1.74,98.78,80.33,83,88,0.31,ID,2020-08-21 01:17:12
417,Sterling,39.01,-77.43,75.99,64,40,6.93,US,2020-08-21 01:13:35
418,Port Macquarie,-31.43,152.92,64.99,42,28,8.72,AU,2020-08-21 01:17:12
419,Marawi,8.0,124.29,81.0,79,79,3.0,PH,2020-08-21 01:17:12
420,Karratha,-20.74,116.85,78.12,19,0,13.33,AU,2020-08-21 01:14:48
421,Meulaboh,4.14,96.13,79.83,82,100,2.91,ID,2020-08-21 01:17:12
422,Homer,59.64,-151.55,66.99,77,1,11.41,US,2020-08-21 01:13:32
423,Manhattan,40.78,-73.97,77.0,50,40,9.17,US,2020-08-21 01:16:52
424,Maaseik,51.1,5.78,79.0,55,100,1.99,BE,2020-08-21 01:17:13
425,Valparaiso,-33.04,-71.63,50.0,93,0,5.48,CL,2020-08-21 01:17:13
426,Taltal,-25.4,-70.48,53.98,68,0,4.79,CL,2020-08-21 01:17:13
427,Koson,39.04,65.58,60.8,51,0,4.7,UZ,2020-08-21 01:17:14
428,Flinders,-34.58,150.86,62.01,44,99,10.0,AU,2020-08-21 01:17:14
429,Kasulu,-4.58,30.1,65.5,64,1,2.26,TZ,2020-08-21 01:17:14
430,Karasjok,69.47,25.51,48.2,93,100,17.22,NO,2020-08-21 01:17:06
431,Buala,-8.14,159.59,85.95,64,60,0.69,SB,2020-08-21 01:17:14
432,Royan,45.63,-1.03,71.6,83,96,7.81,FR,2020-08-21 01:17:15
433,Maniitsoq,65.42,-52.9,49.86,76,0,9.46,GL,2020-08-21 01:14:07
434,Hualmay,-11.1,-77.61,60.24,83,100,9.55,PE,2020-08-21 01:17:15
435,Acapulco,16.86,-99.89,84.2,79,75,2.24,MX,2020-08-21 01:16:23
436,Leningradskiy,69.38,178.42,46.27,80,99,7.83,RU,2020-08-21 01:17:16
437,Inta,66.03,60.17,48.67,95,2,6.58,RU,2020-08-21 01:17:16
438,Dingle,11.0,122.67,83.05,80,100,5.26,PH,2020-08-21 01:17:16
439,Am Timan,11.03,20.28,71.26,95,87,4.0,TD,2020-08-21 01:17:16
440,San Patricio,19.22,-104.7,86.0,74,75,11.41,MX,2020-08-21 01:17:16
441,Athy,52.99,-6.98,57.0,91,98,13.0,IE,2020-08-21 01:17:17
442,Basco,20.45,121.97,83.41,71,100,2.68,PH,2020-08-21 01:17:17
443,Tsabong,-26.02,22.4,42.46,51,0,8.01,BW,2020-08-21 01:17:17
444,San Quintin,30.48,-115.95,78.06,68,68,9.62,MX,2020-08-21 01:14:35
445,Orangeburg,33.49,-80.86,77.0,88,20,6.73,US,2020-08-21 01:15:29
446,Hessisch Oldendorf,52.17,9.25,77.0,65,90,6.93,DE,2020-08-21 01:17:17
447,Ahuimanu,21.44,-157.84,89.6,62,40,12.75,US,2020-08-21 01:15:12
448,Kemijarvi,66.71,27.43,53.51,96,87,5.3,FI,2020-08-21 01:17:18
449,Kijang,35.24,129.21,82.4,69,2,3.36,KR,2020-08-21 01:15:39
450,San Isidro,-12.12,-77.05,60.8,77,90,11.41,PE,2020-08-21 01:17:18
451,Manoel Urbano,-8.84,-69.26,75.7,84,31,6.8,BR,2020-08-21 01:17:18
452,Atambua,-9.11,124.89,83.71,35,0,2.08,ID,2020-08-21 01:14:29
453,Tura,25.52,90.22,73.2,97,100,4.7,IN,2020-08-21 01:14:08
454,Solnechnyy,50.72,136.63,71.29,39,30,9.19,RU,2020-08-21 01:17:19
455,Harper,4.38,-7.72,74.91,84,47,10.89,LR,2020-08-21 01:17:19
456,Leshukonskoye,64.9,45.76,44.73,95,0,2.73,RU,2020-08-21 01:16:37
457,Sistranda,63.73,8.83,60.8,93,40,6.93,NO,2020-08-21 01:17:19
458,Mayo,38.89,-76.51,78.01,69,1,3.36,US,2020-08-21 01:17:20
459,Gidole,5.65,37.37,59.52,83,96,3.8,ET,2020-08-21 01:17:20
460,Andalan,5.96,121.39,83.05,75,10,6.49,PH,2020-08-21 01:17:20
461,Jacareacanga,-6.22,-57.75,85.66,32,100,0.43,BR,2020-08-21 01:14:01
462,Port Moresby,-9.44,147.18,80.06,73,44,9.01,PG,2020-08-21 01:17:20
463,Benguela,-12.58,13.41,67.62,88,63,4.03,AO,2020-08-21 01:17:21
464,Bani Walid,31.76,13.99,69.89,93,0,1.81,LY,2020-08-21 01:17:21
465,Batamshinskiy,50.56,58.27,51.8,76,0,13.42,KZ,2020-08-21 01:17:21
466,Tagusao,9.19,117.81,83.86,66,25,1.45,PH,2020-08-21 01:17:21
467,Waingapu,-9.66,120.26,81.93,61,3,9.8,ID,2020-08-21 01:17:22
468,Vilyuysk,63.76,121.62,58.77,49,46,2.75,RU,2020-08-21 01:17:22
469,Changli,39.7,119.15,71.85,50,0,4.63,CN,2020-08-21 01:17:22
470,Beaverlodge,55.22,-119.44,59.0,87,90,4.7,CA,2020-08-21 01:17:22
471,Gornyye Klyuchi,45.25,133.5,68.34,61,100,2.46,RU,2020-08-21 01:17:22
472,Talnakh,69.49,88.4,55.4,66,0,8.95,RU,2020-08-21 01:14:40
473,Canatlan,24.52,-104.78,78.8,34,75,5.82,MX,2020-08-21 01:17:23
474,Kununurra,-15.77,128.73,86.0,17,0,5.82,AU,2020-08-21 01:14:14
475,Vytegra,61.01,36.45,53.94,81,2,5.73,RU,2020-08-21 01:17:23
476,Marsh Harbour,26.54,-77.06,83.25,78,58,14.38,BS,2020-08-21 01:17:24
477,Belebey,54.12,54.12,49.89,89,94,7.38,RU,2020-08-21 01:17:24
478,Cotabato,7.22,124.25,83.19,75,91,5.55,PH,2020-08-21 01:17:24
479,Dusti,37.35,68.66,68.0,60,20,3.47,TJ,2020-08-21 01:17:24
480,Galeras,9.16,-75.05,76.73,92,100,6.2,CO,2020-08-21 01:17:25
481,Serov,59.6,60.58,53.13,98,96,6.8,RU,2020-08-21 01:17:25
482,Nokha,27.6,73.42,84.29,73,100,4.59,IN,2020-08-21 01:17:25
483,Santa Fe,-31.63,-60.7,46.0,40,0,4.21,AR,2020-08-21 01:16:16
484,Banda Aceh,5.56,95.32,80.87,76,94,4.21,ID,2020-08-21 01:14:58
485,Sao Bento,-6.28,-37.75,70.47,79,52,2.59,BR,2020-08-21 01:17:26
486,Coquimbo,-29.95,-71.34,50.0,93,0,3.22,CL,2020-08-21 01:14:03
487,Arrifes,37.77,-25.7,71.6,94,40,8.05,PT,2020-08-21 01:17:27
488,Batagay,67.63,134.63,47.59,53,0,4.72,RU,2020-08-21 01:17:27
489,Bellefontaine,40.36,-83.76,66.2,68,1,2.37,US,2020-08-21 01:13:04
490,Hauterive,46.09,3.45,80.6,47,0,18.34,FR,2020-08-21 01:17:27
491,Andenes,69.31,16.12,44.6,87,79,2.24,NO,2020-08-21 01:17:27
492,Honghu,29.82,113.46,75.02,95,100,6.31,CN,2020-08-21 01:17:28
493,Hovd,48.01,91.64,57.29,72,0,1.21,MN,2020-08-21 01:17:28
494,Half Moon Bay,37.46,-122.43,81.0,50,20,17.22,US,2020-08-21 01:17:28
495,Teya,60.38,92.63,56.88,80,18,5.99,RU,2020-08-21 01:14:17
496,Masty,53.41,24.54,61.47,94,78,4.29,BY,2020-08-21 01:17:29
497,El Tigre,8.89,-64.25,78.64,84,100,5.97,VE,2020-08-21 01:15:06
498,Bandarbeyla,9.49,50.81,76.42,79,0,28.12,SO,2020-08-21 01:17:29
499,Lannion,48.75,-3.42,64.4,77,29,21.92,FR,2020-08-21 01:17:29
500,Olga,43.74,135.29,73.8,48,100,0.81,RU,2020-08-21 01:17:30
501,Kedrovyy,56.17,91.82,53.6,93,91,2.24,RU,2020-08-21 01:17:30
502,Constitucion,-35.33,-72.42,50.59,71,0,4.97,CL,2020-08-21 01:17:30
503,Alnavar,15.43,74.73,69.8,100,75,3.36,IN,2020-08-21 01:17:30
504,Palauig,15.44,119.9,82.04,77,63,9.15,PH,2020-08-21 01:17:30
505,Kulim,5.37,100.56,82.4,88,20,2.24,MY,2020-08-21 01:17:30
506,Saint-Pierre,-21.34,55.48,68.0,49,39,10.29,RE,2020-08-21 01:17:31
507,Ivangorod,59.37,28.22,56.62,82,81,4.54,RU,2020-08-21 01:17:31
508,Bull Savanna,17.89,-77.59,78.57,84,100,10.27,JM,2020-08-21 01:17:31
509,Yar-Sale,66.83,70.83,54.54,94,100,12.77,RU,2020-08-21 01:17:31
510,Shaunavon,49.65,-108.42,74.3,55,12,9.71,CA,2020-08-21 01:17:31
511,Marovoay,-16.1,46.63,69.8,77,21,4.7,MG,2020-08-21 01:17:32
512,Cam Ranh,11.92,109.16,86.0,79,20,1.12,VN,2020-08-21 01:17:32
513,Tigil,57.8,158.67,55.29,82,100,8.48,RU,2020-08-21 01:17:32
514,Igarka,67.47,86.58,58.75,75,100,9.66,RU,2020-08-21 01:17:32
515,Bani,18.28,-70.33,84.0,78,1,1.99,DO,2020-08-21 01:17:33
516,Nuuk,64.18,-51.72,48.2,66,0,10.29,GL,2020-08-21 01:17:33
517,Nyurba,63.28,118.33,55.67,51,100,1.81,RU,2020-08-21 01:17:33
518,Puerto Madryn,-42.77,-65.04,55.11,42,0,10.38,AR,2020-08-21 01:17:33
519,Guayaramerin,-10.84,-65.36,72.5,87,100,5.3,BO,2020-08-21 01:17:34
520,Coracao De Jesus,-16.69,-44.37,67.96,45,0,4.88,BR,2020-08-21 01:17:34
521,Havoysund,71.0,24.66,46.4,81,40,3.36,NO,2020-08-21 01:14:43
522,Sabratah,32.79,12.49,81.54,53,0,10.18,LY,2020-08-21 01:17:34
523,Pitiquito,30.7,-112.08,99.0,40,0,8.3,MX,2020-08-21 01:17:34
524,Vila,42.03,-8.16,54.0,91,97,1.01,PT,2020-08-21 01:14:27
525,Torbay,47.67,-52.73,64.0,77,5,14.99,CA,2020-08-21 01:14:38
526,Turtas,58.94,69.13,51.87,96,99,4.07,RU,2020-08-21 01:17:35
527,Kutum,14.2,24.67,72.7,73,62,6.44,SD,2020-08-21 01:17:36
528,Vao,-22.67,167.48,71.6,77,37,11.34,NC,2020-08-21 01:17:36
529,Bambous Virieux,-20.34,57.76,70.0,82,20,6.93,MU,2020-08-21 01:17:36
530,Lazurne,46.08,32.53,69.01,52,86,8.99,UA,2020-08-21 01:17:36
531,Ulaanbaatar,47.91,106.88,60.8,59,75,2.24,MN,2020-08-21 01:15:58
532,College,64.86,-147.8,72.0,60,75,3.36,US,2020-08-21 01:11:34
533,Hajdunanas,47.85,21.43,62.6,93,0,3.31,HU,2020-08-21 01:17:37
534,Merauke,-8.47,140.33,80.82,58,0,8.95,ID,2020-08-21 01:14:42
535,Itanhem,-17.17,-40.33,68.23,89,22,6.29,BR,2020-08-21 01:13:35
536,Bakchar,57.02,82.07,50.97,70,100,7.87,RU,2020-08-21 01:17:37
537,Biskamzha,53.45,89.53,60.91,74,26,2.66,RU,2020-08-21 01:17:37
538,Agapovka,53.3,59.13,53.6,87,75,6.71,RU,2020-08-21 01:17:38
539,Ko Samui,9.54,99.94,84.2,79,20,9.6,TH,2020-08-21 01:17:38
540,Terrace Bay,48.78,-87.1,60.01,90,16,5.46,CA,2020-08-21 01:13:24
